dDateRange,dateRange,18
dDateRange,reminder,554
dDateRange,fixedDate,44
dDateRangeGoogleCalendar,dateRange,2
dDateRangeGoogleCalendar,googleCalendar,30
dDateRangeSearch,dateRange,2
dDateRangeSearch,search,2
dDateRangeSearch,reminder,75
dGoogleCalendar,googleCalendar,85
dGoogleCalendar,reminder,17
dManageCategory,manageCategory,195
dManageCategory,reminder,241
dManageCategory,fixedDate,10
dManageCategory,staticCategory,47
dManageCategoryPriority,manageCategory,35
dManageCategoryPriority,priority,34
dManageReminder,reminder,1860
dManageReminder,fixedDate,1860
dPriority,priority,145
dPriority,reminder,228
dPriority,fixedDate,4
dSearch,search,2
dSearch,reminder,120
dSearch,fixedDate,1
dStaticCategory,staticCategory,313
dStaticCategory,reminder,517
dStaticCategory,fixedDate,11
dStaticCategoryPriority,staticCategory,16
dStaticCategoryPriority,priority,16