dDateRange,dateRange,2
dDateRange,reminder,571
dDateRange,fixedDate,44
dDateRangeGoogleCalendar,dateRange,2
dDateRangeGoogleCalendar,googleCalendar,30
dDateRangeSearch,dateRange,2
dDateRangeSearch,search,2
dDateRangeSearch,reminder,75
dDateRepeat,dateRepeat,11
dDateRepeat,reminder,470
dDateRepeat,fixedDate,44
dDateRepeat,dateRange,1
dDateRepeatSearch,dateRepeat,2
dDateRepeatSearch,search,2
dDateRepeatSearch,reminder,66
dGoogleCalendar,googleCalendar,85
dGoogleCalendar,reminder,17
dManageCategory,manageCategory,191
dManageCategory,reminder,296
dManageCategory,fixedDate,13
dManageCategory,staticCategory,39
dManageCategoryPriority,manageCategory,35
dManageCategoryPriority,priority,34
dManageReminder,reminder,1863
dManageReminder,fixedDate,1863
dPriority,priority,145
dPriority,reminder,239
dPriority,fixedDate,5
dSearch,search,2
dSearch,reminder,120
dSearch,fixedDate,1
dStaticCategory,staticCategory,313
dStaticCategory,reminder,556
dStaticCategory,fixedDate,12
dStaticCategoryPriority,staticCategory,16
dStaticCategoryPriority,priority,16
dStaticCategoryPriority,reminder,2
dStaticCategoryPriority,fixedDate,1