AddReminderActivity,reminder,17
AllRemindersFilter,reminder,17
Column,reminder,13
Controller,reminder,57
DateFormat,reminder,11
DatePickerDialogFragment,reminder,43
DBConstants,reminder,15
DBException,reminder,4
DBFactory,reminder,12
DBHelper,reminder,39
DBInvalidEntityException,reminder,7
DBTypes,reminder,4
DefaultDBFactory,reminder,11
DefaultReminderDAO,reminder,96
EditReminderActivity,reminder,38
Entity,reminder,10
ExternalAddReminderActivity,reminder,67
FiltersListChangeListener,reminder,5
ForeignKey,reminder,10
GenericDAO,reminder,123
InvalidDateException,reminder,7
InvalidFormatException,reminder,7
InvalidHourException,reminder,8
InvalidTextException,reminder,7
Mask,reminder,44
Patterns,reminder,6
Reminder,reminder,92
ReminderActivity,reminder,244
ReminderAddActivity,reminder,153
ReminderArrayAdapter,reminder,156
ReminderContentProvider,reminder,71
ReminderDAO,reminder,11
ReminderFilter,reminder,36
ReminderFilterArrayAdapter,reminder,32
ReminderListFragment,reminder,156
ReminderMainActivity,reminder,45
SpinnerAdapterGenerator,reminder,18
TimePickerDialogFragment,reminder,44
Utility,reminder,22