AddCategoryDialogFragment,manageCategory,90
AddReminderActivity,reminder,17
AddReminderActivity,staticCategory,16
AddReminderActivity,manageCategory,21
AllRemindersFilter,reminder,17
Category,staticCategory,50
Category,manageCategory,50
CategoryArrayAdapter,staticCategory,34
CategoryArrayAdapter,manageCategory,34
CategoryDAO,staticCategory,9
CategoryDAO,manageCategory,12
CategoryFilter,staticCategory,22
CategoryFilter,manageCategory,22
Column,reminder,13
Controller,reminder,57
Controller,staticCategory,33
Controller,manageCategory,65
DateFormat,reminder,11
DatePickerDialogFragment,reminder,43
DBConstants,reminder,17
DBConstants,staticCategory,16
DBConstants,manageCategory,16
DBException,reminder,4
DBFactory,reminder,12
DBFactory,staticCategory,1
DBFactory,manageCategory,1
DBHelper,reminder,39
DBHelper,staticCategory,4
DBHelper,manageCategory,4
DBInvalidEntityException,reminder,7
DBTypes,reminder,4
DefaultCategoryDAO,staticCategory,81
DefaultCategoryDAO,manageCategory,115
DefaultDBFactory,reminder,11
DefaultDBFactory,staticCategory,4
DefaultDBFactory,manageCategory,4
DefaultReminderDAO,reminder,96
DefaultReminderDAO,staticCategory,21
DefaultReminderDAO,manageCategory,21
EditCategoryDialogFragment,manageCategory,75
EditReminderActivity,reminder,38
EditReminderActivity,staticCategory,33
EditReminderActivity,manageCategory,38
Entity,reminder,10
ExternalAddReminderActivity,reminder,67
ExternalAddReminderActivity,staticCategory,40
ExternalAddReminderActivity,manageCategory,55
FilterListFragment,staticCategory,101
FilterListFragment,manageCategory,141
FiltersListChangeListener,reminder,5
ForeignKey,reminder,10
GenericDAO,reminder,123
GenericDAO,staticCategory,3
GenericDAO,manageCategory,3
InvalidDateException,reminder,7
InvalidFormatException,reminder,7
InvalidHourException,reminder,8
InvalidTextException,reminder,7
Mask,reminder,44
Patterns,reminder,6
Reminder,reminder,93
Reminder,staticCategory,11
Reminder,manageCategory,11
ReminderActivity,reminder,244
ReminderActivity,staticCategory,35
ReminderActivity,manageCategory,42
ReminderAddActivity,reminder,153
ReminderAddActivity,staticCategory,52
ReminderAddActivity,manageCategory,52
ReminderArrayAdapter,reminder,156
ReminderContentProvider,reminder,71
ReminderContentProvider,staticCategory,13
ReminderContentProvider,manageCategory,19
ReminderDAO,reminder,11
ReminderDAO,staticCategory,2
ReminderDAO,manageCategory,2
ReminderFilter,reminder,36
ReminderFilterArrayAdapter,reminder,32
ReminderFilterArrayAdapter,staticCategory,13
ReminderFilterArrayAdapter,manageCategory,13
ReminderListFragment,reminder,156
ReminderListFragment,staticCategory,2
ReminderListFragment,manageCategory,2
ReminderMainActivity,reminder,45
ReminderMainActivity,staticCategory,4
ReminderMainActivity,manageCategory,4
SpinnerAdapterGenerator,reminder,18
TimePickerDialogFragment,reminder,44
Utility,reminder,22