AddCategoryDialogFragment,manageCategory,90
AddReminderActivity,reminder,17
AddReminderActivity,staticCategory,16
AddReminderActivity,manageCategory,21
AllRemindersFilter,reminder,17
CalendarEventCreator,googleCalendar,69
CalendarEventCreator,dateRange,7
CalendarEventCreator,fixedDate,3
CalendarNotFoundException,googleCalendar,7
Category,staticCategory,50
Category,manageCategory,50
CategoryArrayAdapter,staticCategory,34
CategoryArrayAdapter,manageCategory,34
CategoryDAO,staticCategory,9
CategoryDAO,manageCategory,12
CategoryFilter,staticCategory,22
CategoryFilter,manageCategory,22
Column,reminder,13
Controller,reminder,54
Controller,staticCategory,33
Controller,manageCategory,65
DateFormat,reminder,11
DatePickerDialogFragment,fixedDate,43
DatePickerDialogFragment,dateRange,43
DBConstants,reminder,15
DBConstants,staticCategory,16
DBConstants,manageCategory,16
DBConstants,priority,2
DBConstants,fixedDate,4
DBConstants,dateRepeat,12
DBConstants,dateRange,6
DBException,reminder,4
DBFactory,reminder,12
DBFactory,staticCategory,1
DBFactory,manageCategory,1
DBHelper,reminder,39
DBHelper,staticCategory,4
DBHelper,manageCategory,4
DBInvalidEntityException,reminder,7
DBTypes,reminder,4
DefaultCategoryDAO,staticCategory,80
DefaultCategoryDAO,manageCategory,115
DefaultDBFactory,reminder,11
DefaultDBFactory,staticCategory,4
DefaultDBFactory,manageCategory,4
DefaultReminderDAO,reminder,92
DefaultReminderDAO,staticCategory,21
DefaultReminderDAO,manageCategory,21
DefaultReminderDAO,priority,3
DefaultReminderDAO,fixedDate,4
DefaultReminderDAO,dateRepeat,16
DefaultReminderDAO,dateRange,8
EditCategoryDialogFragment,manageCategory,75
EditReminderActivity,reminder,32
EditReminderActivity,staticCategory,33
EditReminderActivity,manageCategory,38
EditReminderActivity,priority,3
EditReminderActivity,fixedDate,6
EditReminderActivity,dateRepeat,24
EditReminderActivity,dateRange,12
Entity,reminder,10
ExternalAddReminderActivity,reminder,59
ExternalAddReminderActivity,staticCategory,40
ExternalAddReminderActivity,manageCategory,55
ExternalAddReminderActivity,priority,4
ExternalAddReminderActivity,fixedDate,8
ExternalAddReminderActivity,dateRepeat,18
ExternalAddReminderActivity,dateRange,16
FilterListFragment,staticCategory,98
FilterListFragment,manageCategory,150
FilterListFragment,priority,95
FiltersListChangeListener,reminder,5
ForeignKey,reminder,10
GenericDAO,reminder,123
GenericDAO,staticCategory,3
GenericDAO,manageCategory,3
InvalidDateException,reminder,7
InvalidDaysException,reminder,7
InvalidFormatException,reminder,7
InvalidHourException,reminder,8
InvalidTextException,reminder,7
Mask,reminder,44
Patterns,reminder,6
Priority,priority,25
PriorityFilter,priority,19
Reminder,reminder,71
Reminder,staticCategory,11
Reminder,manageCategory,11
Reminder,fixedDate,24
Reminder,dateRepeat,118
Reminder,dateRange,49
Reminder,priority,9
ReminderActivity,reminder,126
ReminderActivity,staticCategory,35
ReminderActivity,manageCategory,42
ReminderActivity,priority,25
ReminderActivity,googleCalendar,10
ReminderActivity,dateRepeat,70
ReminderActivity,fixedDate,126
ReminderActivity,dateRange,226
ReminderAddActivity,reminder,141
ReminderAddActivity,staticCategory,52
ReminderAddActivity,manageCategory,52
ReminderAddActivity,priority,35
ReminderAddActivity,dateRepeat,56
ReminderAddActivity,fixedDate,14
ReminderAddActivity,dateRange,25
ReminderArrayAdapter,reminder,76
ReminderArrayAdapter,fixedDate,80
ReminderArrayAdapter,dateRange,80
ReminderArrayAdapter,priority,9
ReminderArrayAdapter,dateRepeat,19
ReminderContentProvider,reminder,63
ReminderContentProvider,staticCategory,13
ReminderContentProvider,manageCategory,19
ReminderContentProvider,fixedDate,8
ReminderContentProvider,dateRepeat,4
ReminderContentProvider,dateRange,16
ReminderDAO,reminder,11
ReminderDAO,staticCategory,2
ReminderDAO,manageCategory,2
ReminderFilter,reminder,36
ReminderFilter,search,14
ReminderFilterArrayAdapter,reminder,32
ReminderFilterArrayAdapter,staticCategory,13
ReminderFilterArrayAdapter,manageCategory,13
ReminderFilterArrayAdapter,priority,13
ReminderListFragment,reminder,494
ReminderListFragment,fixedDate,2
ReminderListFragment,dateRange,2
ReminderListFragment,staticCategory,11
ReminderListFragment,manageCategory,11
ReminderListFragment,priority,11
ReminderMainActivity,reminder,45
ReminderMainActivity,staticCategory,4
ReminderMainActivity,manageCategory,4
ReminderMainActivity,priority,4
ReminderMainActivity,search,24
SpinnerAdapterGenerator,reminder,18
TimePickerDialogFragment,reminder,44
Utility,reminder,22